Datetime,RecordNum,Tau,TKE,Tau_QC,Sonic_samples,H,H_QC,LE,LE_QC,Lad_H2O,BowenRatio,Fc_d,Fc_QC,Lag_CO2,CH4_d,cov_wCH4_f,F_CH4_d,F_CH4_QC,Lag_CH4,F_CH4_mole,F_CH4_samples,RSSI_Min,WD_Sonic,WS,u_std,v,v_std,w,w_std,L,z/L,PBLH,u_star,t_star,z0,d,z,alpha,beta,RNS_uwvw,RNS_wTs,RNS_wCO2,RNS_wH2O,RNS_wCH4,Xv,CO2_d,H2O_d,Rho_d,Rho_a,Pa,Ta,RH,e_sat,e,VPD,Tc,Td,Enchance_Factor1,Enchance_Factor2,CO2_E_WPL_R_F,CO2_T_WPL_R_F,H2O_E_WPL_R_F,H2O_T_WPL_R_F,Pe_7700,A_7700,B_7700,C_7700,Cov_wCO2d_raw,Cov_wH2Od_raw,Cov_wCH4d_raw,iteration_FreqFactor,FreqFactor_uw_vw,FreqFactor_wCO2_wH2O,FreqFactor_wCH4,FP_Equation,FP_dist_intrst,FP_max,FP_40,FP_55,FP_90
24/03/2020 00:00,1,0.0011168,0.05208,9,17394,-0.909955,9,-0.1643137,9,0,5.53791,0.024522,9,0.3,1.5699,-7.71E-05,-8.16E-05,9,0,-0.0051008,17355,60.3538,0.880211,0.89441,0.2565,-1.64E-16,0.19073,-1.97E-16,0.044626,2.5694747,1.1157,111.48856,0.029857,0.024162,0.0525,0.23333,2.8667,0.880211,2.0187,0.075561,1.35311,2.6368,6.0339,4.2924,0.0047522,496.6644,4.7739,1.2491,1.2528,101.8103,6.49385,40.6293,1.1926,0.48383,0.7088,9.49709,-3.2326,1.004,1.0042,-6.86E-05,-0.002417,-2.70E-07,-9.51E-06,102.0329,0.9908,1.4572,1.2253,0.0097013,-3.98E-05,-3.96E-05,3,1.0263,1.4128,1.9397,0,94.8872,1.63512,6.83794,11.61,107.8703
24/03/2020 00:30,2,0.00091882,0.024406,6,17267,0.407628,9,-0.7653237,9,0.1,-0.532622,-0.15844,9,0.1,1.7866,-0.00034056,-0.00033579,9,0,-0.020987,17254,61.1434,4.57854,0.44898,0.14724,4.50E-16,0.16379,-5.52E-17,0.017424,-4.8306757,-0.59343,2003.3865,0.027033,-0.011909,0.0525,0.23333,2.8667,4.57854,1.1699,0.8605,0.583391,0.8411,0.42192,0.72602,0.0051556,509.8349,5.1812,1.2533,1.2573,101.8013,5.97784,47.3448,1.1089,0.52485,0.58404,8.42431,-2.134,1.004,1.0042,-0.00038795,0.0011156,-1.61E-06,4.64E-06,102.0427,0.99047,1.4576,1.2232,-0.14481,-0.00028527,-0.00028514,1,1.0362,1.0999,1.1929,0,99,1.81096,2.87225,4.46677,14.42284
24/03/2020 01:00,3,0.0026481,0.034408,9,17739,-3.07769,9,-0.5889977,9,0.3,5.22531,0.2225,9,0.5,1.7648,0.00059316,0.00056733,9,0.5,0.035458,17644,59.3849,-16.2772,0.34707,0.088327,6.38E-16,0.2461,-7.36E-17,0.021138,2.7503527,1.0423,111.68517,0.045854,0.05292,0.0525,0.23333,2.8667,-16.2772,1.8217,0.88401,0.989326,0.90221,0.87082,0.90299,0.0051559,515.0873,5.1815,1.2554,1.2595,101.7861,5.26585,49.0711,1.0702,0.5248,0.54535,7.8992,-2.1347,1.004,1.0042,-0.00025306,-0.0085257,-1.04E-06,-3.51E-05,102.0275,0.98973,1.4583,1.2206,0.17159,-0.0001522,0.00032426,3,1.0273,1.326,1.8081,0,99,0.223447,1.33911,3.46648,8.430332
24/03/2020 01:30,4,0.0020588,0.021025,4,17325,-0.302465,9,2.231832,9,0.3,-0.135523,-0.034197,9,0,2.0805,-0.00138,-0.0013622,9,0,-0.08514,17300,1.42552,15.8087,0.47161,0.10909,8.82E-16,0.17241,-2.34E-18,0.020568,33.764676,0.084901,145.39639,0.040395,0.0058935,0.0525,0.23333,2.8667,15.8087,0.20513,0.40083,3.84228,1.4836,1.0151,0.70274,0.0050116,530.7646,5.0358,1.2578,1.2617,101.7643,3.59182,49.4929,1.0309,0.51,0.52086,7.35045,-2.5346,1.004,1.0042,0.0011636,-0.00086509,4.52E-06,-3.36E-06,101.9989,0.98806,1.4601,1.2143,-0.030433,0.00077848,-0.00108,2,1.0148,1.1334,1.2776,0,99,0.977623,3.40692,7.11562,30.65505
24/03/2020 02:00,5,0.0015763,0.034845,3,17757,1.56522,8,0.279304,8,0,5.60399,-0.11781,8,-0.2,2.0738,-0.00063128,-0.00061164,8,-0.4,-0.038228,17747,55.8885,36.6593,0.7397,0.18372,-6.85E-16,0.18704,5.10E-17,0.03085,-2.4748142,-1.1583,2050.5037,0.035331,-0.034842,0.0525,0.23333,2.8667,36.6593,-0.85588,0.19758,1.25603,0.94303,1.0533,0.47104,0.0049406,537.641,4.9641,1.2589,1.2627,101.7549,3.02288,49.623,1.0136,0.50273,0.51086,7.1043,-2.7141,1.004,1.0042,0.00012451,0.0045388,4.71E-07,1.72E-05,101.9861,0.98746,1.4607,1.2123,-0.104,8.61E-05,-0.0005399,1,1.0231,1.0957,1.1726,0,99,3.30054,5.10369,7.16917,22.62938
24/03/2020 02:30,6,0.0019648,0.034358,9,17280,-1.37631,9,0.6871045,9,0.1,-2.00306,-0.34896,9,-0.2,1.7236,-0.00090395,-0.00090008,9,0,-0.056255,17268,55.5437,33.1133,1.3418,0.20983,3.82E-15,0.14738,-1.44E-17,0.054463,4.0804946,0.70253,113.13097,0.039468,0.027458,0.0525,0.23333,2.8667,33.1133,0.38462,0.29269,2.14992,1.3299,0.77907,0.91447,0.004861,510.6864,4.8837,1.2575,1.2613,101.7299,3.48054,47.9781,1.0313,0.49451,0.53679,7.35672,-2.9353,1.004,1.0042,0.00036188,-0.0037877,1.42E-06,-1.48E-05,101.9574,0.98756,1.4602,1.2142,-0.23537,0.00021417,-0.00054046,2,1.0191,1.3392,1.6725,0,89.6295,2.95719,11.1043,17.5372,211.7812
24/03/2020 03:00,7,0.012447,0.13098,4,17746,-1.31121,8,0.07068559,8,0.2,-18.5499,0.17596,8,0.1,1.6186,-0.00032336,-0.00032672,8,0.1,-0.02042,17651,54.8643,18.5824,1.4618,0.22566,-2.39E-15,0.45537,-3.90E-17,0.060683,66.530456,0.043088,181.01137,0.099348,0.010395,0.0525,0.23333,2.8667,18.5824,1.7138,0.74831,1.79779,0.71212,0.92785,1.0981,0.0048172,500.5069,4.8395,1.2573,1.261,101.7048,4.06506,47.5302,1.0312,0.48993,0.5413,7.35696,-3.0602,1.004,1.0042,5.17E-05,-0.0035365,2.05E-07,-1.40E-05,101.9302,0.98778,1.4594,1.2167,0.15395,3.05E-05,-0.00025836,2,1.0083,1.1139,1.2369,0,98.7922,3.46268,8.99655,15.0578,92.46523
24/03/2020 03:30,8,0.0029842,0.055563,9,17334,-4.46202,9,-0.8060306,9,0.2,5.5358,0.094208,9,0.2,1.6037,-2.95E-05,-5.51E-05,9,0,-0.0034408,17325,53.8874,-1.84171,1.2276,0.24003,2.81E-16,0.22155,7.82E-17,0.06653,2.266712,1.2647,111.15947,0.048666,0.072272,0.0525,0.23333,2.8667,-1.84171,2.6529,0.034981,0.0810074,0.10224,0.042451,1.0181,0.0048186,503.1066,4.8409,1.2562,1.26,101.6876,3.95052,46.955,1.044,0.48999,0.554,7.53681,-3.0584,1.004,1.0042,-0.00033876,-0.012089,-1.33E-06,-4.76E-05,101.913,0.98752,1.4595,1.2163,0.058551,-0.00017496,-1.64E-05,3,1.0283,1.4382,2.0125,0,94.7237,1.93632,7.49146,12.5647,115.6175
24/03/2020 04:00,9,0.0033545,0.049739,4,17248,-0.945602,9,-0.8481596,9,-0.1,1.11489,-0.064926,9,-0.1,1.7367,-0.0011026,-0.0010948,9,0.1,-0.068426,17236,53.0334,21.0314,1.0852,0.2331,1.53E-15,0.2075,-1.80E-17,0.045672,12.212975,0.23472,121.97062,0.051553,0.014433,0.0525,0.23333,2.8667,21.0314,1.1084,0.496,0.968305,0.93137,0.63202,0.66819,0.0048693,510.0644,4.8921,1.2584,1.2622,101.6705,3.25339,49.2002,1.0066,0.49506,0.51152,7.00395,-2.9212,1.004,1.0042,-0.00041063,-0.0026024,-1.61E-06,-1.02E-05,101.8982,0.98679,1.4601,1.2138,-0.04635,-0.00026958,-0.00078569,2,1.0117,1.1884,1.3886,0,93.8948,2.45686,8.54737,14.1059,124.5034
24/03/2020 04:30,10,0.0037398,0.069772,4,17761,0.0658326,9,-0.4616832,9,0.4,-0.142593,0.0027912,9,0.1,1.7213,-0.00058806,-0.00058082,9,0.5,-0.036301,17666,52.3727,-16.9009,0.67299,0.16754,-2.28E-15,0.3321,8.94E-17,0.034375,-364.42121,-0.0078664,1338.1833,0.054404,-0.00095116,0.0525,0.23333,2.8667,-16.9009,1.8588,0.57687,17.4303,1.8936,0.69124,0.5586,0.0048451,521.4694,4.8677,1.2597,1.2635,101.6801,3.82736,49.8824,0.98821,0.49266,0.49555,6.73475,-2.9859,1.004,1.0042,-0.00023641,0.00018541,-9.04E-07,7.09E-07,101.9067,0.98735,1.4596,1.2159,0.0012146,-0.0001678,-0.00049331,1,1.0252,1.0759,1.1658,0,99,1.67904,3.54089,7.62577,28.90374
24/03/2020 05:00,11,0.0047444,0.058358,3,17338,1.71689,9,0.3007717,9,0.3,5.70829,-0.1001,9,0,1.7739,-0.00091922,-0.00089605,9,0.3,-0.056003,17330,51.1913,-3.62509,0.7021,0.17071,1.33E-15,0.29222,-3.72E-17,0.046686,-11.745746,-0.24406,1865.0851,0.061247,-0.022014,0.0525,0.23333,2.8667,-3.62509,1.8067,0.1233,1.55088,0.75368,1.3919,0.45886,0.0047656,530.1905,4.7874,1.261,1.2648,101.6776,3.1595,49.9785,0.96994,0.48455,0.48538,6.46344,-3.2106,1.004,1.0042,0.00013252,0.0049211,4.90E-07,1.82E-05,101.9005,0.98673,1.4603,1.2134,-0.097192,7.42E-05,-0.00077625,1,1.0242,1.0862,1.1781,0,99,2.29535,3.84991,6.36446,20.32361
24/03/2020 05:30,12,0.0055164,0.087121,9,17728,-3.57277,9,-0.1807211,9,0,19.7695,0.056905,9,0.1,1.6917,-0.00061015,-0.00062337,9,0.1,-0.038961,17721,50.8911,16.5514,1.3194,0.3067,-1.01E-15,0.27569,-3.12E-16,0.064583,7.1181621,0.40273,116.43278,0.066014,0.042469,0.0525,0.23333,2.8667,16.5514,1.461,0.40093,0.359897,0.73533,2.1273,0.83894,0.0046335,522.3524,4.6541,1.2622,1.2659,101.684,3.37796,49.3115,0.95599,0.47116,0.48483,6.25315,-3.5844,1.0041,1.0042,-4.55E-05,-0.010097,-1.66E-07,-3.68E-05,101.9007,0.98692,1.4602,1.2143,0.049553,-2.93E-05,-0.00039527,2,1.0141,1.2426,1.5108,0,91.9795,2.6906,9.60762,15.5328,154.6544
24/03/2020 06:00,13,0.0057984,0.058524,9,17301,-4.89225,9,0.3339949,9,-0.1,-14.6477,0.027743,9,0.1,1.6322,-0.00084686,-0.00086393,9,0.1,-0.053995,17188,51.105,21.4383,1.6219,0.20634,6.26E-15,0.26333,-7.30E-18,0.071634,5.6479986,0.50755,114.83478,0.067702,0.056735,0.0525,0.23333,2.8667,21.4383,1.4441,0.17603,0.153744,0.32323,2.0673,0.6737,0.00475,509.4244,4.7717,1.2613,1.2651,101.7172,4.07995,49.6891,0.97272,0.48316,0.48956,6.50652,-3.2488,1.004,1.0042,0.00023041,-0.013471,8.84E-07,-5.17E-05,101.9394,0.98788,1.4595,1.2167,0.029482,0.00013079,-0.00053208,2,1.0156,1.279,1.5774,0,89.6163,3.37992,11.9324,18.7387,211.7867
24/03/2020 06:30,14,0.015581,0.089936,9,17767,-17.5397,9,1.077655,9,0,-16.2758,0.11709,9,0.1,1.5966,0.00012834,3.09E-05,9,-0.2,0.001931,17755,50.7406,24.5729,1.6881,0.2978,-2.76E-15,0.27288,-1.38E-16,0.12932,6.95035,0.41245,116.25038,0.11103,0.12412,0.0525,0.23333,2.8667,24.5729,1.2147,0.12679,0.11477,0.34363,1.5713,0.081922,0.0051654,496.4584,5.1912,1.2597,1.2638,101.7457,6.00865,52.8389,0.9948,0.52556,0.46924,6.82892,-2.1251,1.004,1.0042,0.00076606,-0.047009,3.28E-06,-0.00020125,101.9875,0.98996,1.4573,1.2237,0.12883,0.00050797,6.26E-05,2,1.0139,1.2494,1.5094,0,91.5996,3.03126,10.3314,16.5742,160.6384
24/03/2020 07:00,15,0.03839,0.18786,1,17326,-10.8088,8,41.55561,8,0,-0.260103,-0.20593,8,0,1.5544,0.00011589,0.00010452,8,-0.2,0.0065327,17316,50.4048,24.7481,1.9754,0.46237,-2.84E-15,0.34036,9.89E-17,0.21467,56.522653,0.050717,170.13332,0.17481,0.048847,0.0525,0.23333,2.8667,24.7481,1.3453,0.039446,0.642786,0.18586,0.12606,0.58069,0.0060588,488.0211,6.0946,1.2516,1.2563,101.7524,9.40363,55.6132,1.1086,0.6165,0.4921,8.41335,0.041379,1.004,1.0042,0.020018,-0.028311,0.00010235,-0.00014475,102.036,0.99325,1.4532,1.2362,-0.17661,0.01501,7.27E-05,2,1.0075,1.1178,1.2398,0,95.4925,4.22973,10.9601,17.7786,115.829
24/03/2020 07:30,16,0.05838,0.36668,1,17327,-3.10769,8,69.3689,8,0,-0.0447995,-0.40588,8,0,1.5164,3.31E-05,9.57E-05,8,-0.1,0.005981,17229,50.82,12.8219,2.5215,0.63308,-2.46E-15,0.50698,-5.29E-17,0.27484,-933.31546,-0.0030715,1044.0322,0.21629,0.011423,0.0525,0.23333,2.8667,12.8219,2.0031,0.014281,2.3675,0.0143,0.0097337,1.3263,0.0067036,489.1963,6.7475,1.2427,1.2479,101.7645,12.796,54.3592,1.2558,0.68219,0.57362,10.2652,1.4487,1.004,1.0042,0.0333,-0.008105,0.00018806,-4.58E-05,102.0783,0.99685,1.4494,1.2507,-0.39768,0.025708,2.62E-05,1,1.0086,1.0835,1.1711,1,99.4423,39.0456,42.066,55.5892,108.2772
24/03/2020 08:00,17,0.11533,0.70682,1,17754,12.2225,8,126.7769,8,0,0.0964097,-0.79261,8,0,1.4772,5.76E-05,0.00026468,8,0.2,0.016542,17747,51.1205,3.34951,3.0212,0.89181,-3.00E-16,0.70465,1.90E-16,0.34896,-127.86711,-0.022419,1452.6449,0.30506,-0.032068,0.0525,0.23333,2.8667,3.34951,2.4622,0.0057189,0.228184,0.023327,0.025295,2.2402,0.0069895,494.8982,7.0374,1.2339,1.2393,101.7871,14.5974,49.7218,1.4354,0.71144,0.72394,12.274,2.0142,1.004,1.0042,0.061344,0.032019,0.00035717,0.00018643,102.1144,0.99893,1.4475,1.2585,-0.82342,0.047142,4.44E-05,1,1.0075,1.0786,1.1681,1,99.2511,42.4717,45.728,60.4229,117.4928
24/03/2020 08:30,18,0.15014,1.0144,1,17277,35.365,7,148.1474,7,0,0.238715,-0.84438,7,0,1.4304,-0.00027494,6.99E-05,7,-0.1,0.004366,17270,53.2174,-0.542438,3.9733,1.0009,3.04E-16,0.92364,-1.93E-17,0.41696,-85.497243,-0.033529,1473.1465,0.34915,-0.081634,0.0525,0.23333,2.8667,-0.542438,2.1072,0.037295,0.146815,0.11415,0.029144,0.4939,0.0057851,498.6165,5.8178,1.2272,1.2316,101.7902,16.4186,36.2747,1.6256,0.58886,1.0367,14.1894,-0.62115,1.004,1.0042,0.072173,0.092745,0.00034479,0.00044307,102.0611,1.0002,1.4462,1.2674,-0.94168,0.055151,-0.00022978,1,1.0063,1.0754,1.165,1,99.382,41.034,44.179,58.376,113.5169
24/03/2020 09:00,19,0.14979,1.0654,1,17304,57.5273,3,180.1308,3,0,0.319364,-1.0209,3,0,1.4087,-0.00031224,0.00017677,4,-0.1,0.011048,17207,55.389,-2.73004,4.2584,1.0715,6.59E-16,0.88512,-9.84E-16,0.44643,-55.444419,-0.051703,1487.6882,0.34945,-0.13327,0.0525,0.23333,2.8667,-2.73004,2.0915,0.049787,0.11076,0.12844,0.010191,0.36405,0.005168,478.4934,5.194,1.2227,1.2266,101.8175,17.6635,29.7478,1.7693,0.52619,1.2431,15.5041,-2.1693,1.004,1.0042,0.084254,0.14414,0.00037443,0.00064056,102.0596,1.0013,1.4454,1.2732,-1.1574,0.067385,-0.00025507,1,1.0061,1.0738,1.1635,1,99.5339,38.8786,41.8578,55.3087,107.5643
24/03/2020 09:30,20,0.18058,1.2607,1,17755,60.0684,3,218.4843,3,0,0.274932,-1.0518,3,0,1.3888,-0.00035615,0.00018266,3,-0.1,0.011416,17748,54.9306,2.59734,4.4356,1.04,-7.69E-16,1.1068,1.32E-15,0.46355,-68.915029,-0.041597,1481.1701,0.38458,-0.12705,0.0525,0.23333,2.8667,2.59734,2.351,0.13633,0.0330255,0.049435,0.025103,0.18254,0.0048586,465.0628,4.8816,1.2173,1.221,101.7933,18.8578,25.6921,1.9226,0.49457,1.4281,16.8082,-3.0187,1.004,1.0042,0.099652,0.14563,0.00042821,0.00062579,102.0208,1.0021,1.4442,1.2789,-1.2054,0.081438,-0.00029599,1,1.0059,1.077,1.1664,1,99.4071,40.7305,43.8519,57.9436,112.6762
24/03/2020 10:00,21,0.22599,1.3601,1,17322,89.3095,3,239.8164,3,0,0.372408,-1.0226,3,0,1.3848,-0.00040617,0.00030415,3,-0.1,0.019009,17315,54.3771,2.06969,4.8475,1.1404,-4.71E-16,1.0804,-2.37E-15,0.5026,-68.400485,-0.04191,1481.4191,0.43093,-0.16913,0.0525,0.23333,2.8667,2.06969,1.991,0.0042007,0.0285967,0.0099028,0.010711,0.059036,0.0050128,469.38,5.0374,1.2131,1.2169,101.7855,19.8329,24.9766,2.0393,0.51024,1.5291,17.737,-2.5987,1.004,1.0042,0.11017,0.21783,0.000484,0.00095696,102.0202,1.0031,1.4431,1.2833,-1.2535,0.08922,-0.00033005,1,1.0056,1.0765,1.1658,1,99.3162,41.8174,45.0221,59.4898,115.6748
24/03/2020 10:30,22,0.17008,1.3228,1,17761,95.3209,1,238.0106,1,0,0.40049,-1.0209,1,0,1.3756,-0.00038701,0.00035005,1,-0.1,0.021878,17662,54.1963,-0.338919,4.7081,1.1053,8.01E-17,1.0945,4.93E-16,0.47526,-42.464593,-0.067507,1493.9687,0.37454,-0.20841,0.0525,0.23333,2.8667,-0.338919,2.124,0.06096,0.0484989,0.05015,0.024017,0.098874,0.0053957,467.7872,5.4243,1.2084,1.2124,101.7512,20.5478,25.3389,2.1624,0.54902,1.6134,18.6733,-1.6094,1.004,1.0042,0.10886,0.23094,0.00051673,0.0010962,102.0038,1.0036,1.4421,1.2869,-1.265,0.088728,-0.0003188,1,1.0057,1.0751,1.1647,1,99.5221,39.0894,42.0845,55.6082,108.1435
24/03/2020 11:00,23,0.24511,1.6555,1,17368,93.3226,1,245.3311,1,0,0.380395,-1.2776,1,0,1.3699,-0.00037374,0.00036026,1,-0.1,0.022516,17361,52.99,9.01317,4.7762,1.25,-2.73E-15,1.2214,-3.69E-16,0.50635,-74.774425,-0.038338,1478.335,0.45024,-0.17016,0.0525,0.23333,2.8667,9.01317,2.3161,0.12833,0.0225407,0.033617,0.0030706,0.01921,0.0057684,464.8979,5.8011,1.2048,1.2092,101.7054,20.8743,26.0539,2.2469,0.58668,1.6603,19.287,-0.70129,1.004,1.0042,0.11153,0.22422,0.00056966,0.0011453,101.9753,1.0037,1.4414,1.2887,-1.498,0.091027,-0.00030634,1,1.0057,1.0799,1.1682,1,99.1957,43.0522,46.3517,61.2467,119.0831
24/03/2020 11:30,24,0.24216,1.6464,1,17325,95.5264,1,273.8334,1,0,0.348849,-1.1116,1,0,1.362,-0.00038785,0.00038521,1,-0.1,0.024075,17318,51.6801,8.16363,4.9885,1.2596,-4.82E-15,1.1978,-2.05E-15,0.52114,-71.027801,-0.04036,1480.1478,0.44802,-0.17543,0.0525,0.23333,2.8667,8.16363,2.2337,0.079517,0.02419,0.030238,0.045448,0.027326,0.0057881,456.0075,5.8211,1.2021,1.2064,101.6498,20.8059,25.3277,2.3185,0.58837,1.7301,19.7919,-0.66642,1.004,1.0042,0.12227,0.22473,0.00063894,0.0011743,101.9205,1.0031,1.4412,1.2887,-1.3511,0.10172,-0.00031798,1,1.0055,1.0795,1.1679,1,99.308,41.9069,45.1186,59.6173,115.9225
24/03/2020 12:00,25,0.23527,1.9216,1,17754,75.7133,1,252.5238,1,0,0.299826,-1.0508,1,0,1.3477,-0.00023749,0.00040838,2,-0.1,0.025524,17658,51.095,1.8511,5.2121,1.2808,5.88E-16,1.3801,2.30E-15,0.54616,-83.934919,-0.034153,1473.9025,0.44202,-0.14125,0.0525,0.23333,2.8667,1.8511,2.3169,0.04993,0.0321282,0.0050986,0.020593,0.28345,0.0052093,454.624,5.2359,1.2003,1.2042,101.631,21.4503,22.0328,2.3991,0.52943,1.8697,20.3455,-2.1159,1.004,1.0042,0.11281,0.17726,0.00053188,0.00083574,101.8745,1.0034,1.4408,1.2926,-1.2462,0.094416,-0.00019636,1,1.0054,1.0762,1.1655,1,99.4649,39.9301,42.9905,56.8055,110.4709
24/03/2020 12:30,26,0.25933,1.7756,1,17340,74.7399,1,258.6585,1,0,0.288952,-1.0552,1,0,1.3504,4.26E-05,0.00069253,8,0.2,0.043283,17333,52.0173,-0.501398,5.5589,1.2389,-4.68E-16,1.2952,-9.12E-16,0.58209,-97.840215,-0.029299,1467.1741,0.46428,-0.13289,0.0525,0.23333,2.8667,-0.501398,2.4144,0.049735,0.00858136,0.0039304,0.0069936,4.0912,0.004938,454.9053,4.9618,1.1993,1.203,101.5869,21.1603,20.6458,2.426,0.50164,1.9243,20.5271,-2.8276,1.004,1.0042,0.11576,0.175,0.0005169,0.00078139,101.8177,1.0025,1.441,1.2915,-1.2524,0.096921,2.02E-05,1,1.0052,1.0747,1.1641,1,99.4949,39.4674,42.4927,56.1478,109.1972
24/03/2020 13:00,27,0.25709,2.0069,1,17334,69.7069,1,273.9293,1,0,0.254471,-1.1525,1,0,1.3619,0.0015056,0.0021567,1,-0.1,0.1348,17327,50.8693,-1.75241,5.0991,1.3796,-2.73E-17,1.3503,1.97E-15,0.53614,-101.32286,-0.028292,1465.4889,0.46262,-0.12455,0.0525,0.23333,2.8667,-1.75241,2.5413,0.10046,0.0646844,0.052726,0.047275,0.070013,0.0053192,453.6398,5.3469,1.1972,1.2012,101.5362,21.4234,21.8758,2.4645,0.54009,1.9245,20.7831,-1.8427,1.004,1.0042,0.12229,0.1626,0.00059004,0.00078457,101.7846,1.0025,1.4404,1.2931,-1.3386,0.10277,0.0012464,1,1.0054,1.074,1.1636,1,99.2947,42.031,45.2529,59.7949,116.2711
24/03/2020 13:30,28,0.21983,1.856,1,17750,64.5783,1,267.8966,1,0,0.241057,-1.0877,1,0,1.3618,0.0012341,0.001853,1,-0.1,0.11581,17647,50.0242,0.422242,4.9679,1.2863,5.72E-16,1.3368,1.61E-16,0.52013,-85.653148,-0.033468,1473.0711,0.42802,-0.12483,0.0525,0.23333,2.8667,0.422242,2.4666,0.013101,0.0166341,0.0021697,0.0023619,0.017581,0.0054502,455.038,5.4794,1.1959,1.1999,101.5021,21.7301,22.1349,2.4949,0.55321,1.9417,20.9817,-1.5111,1.004,1.0042,0.11999,0.151,0.00059149,0.00074432,101.7565,1.0026,1.4399,1.2948,-1.2628,0.10034,0.001026,1,1.0055,1.0754,1.1649,1,99.4262,40.466,43.5675,57.568,111.9499
24/03/2020 14:00,29,0.19126,1.5321,1,17341,46.0895,1,210.7196,1,0,0.218724,-0.79785,1,0,1.3627,0.0013306,0.0017963,1,-0.1,0.11227,17334,49.1864,5.14355,4.8598,1.208,1.01E-16,1.1673,6.78E-16,0.49241,-95.563481,-0.029998,1468.2757,0.39953,-0.095577,0.0525,0.23333,2.8667,5.14355,2.1845,0.0075456,0.00258661,0.0033113,0.0046438,0.0028627,0.0056699,455.7872,5.7013,1.1939,1.1982,101.4546,22.4746,22.6463,2.5371,0.57523,1.9618,21.256,-0.9564,1.004,1.0042,0.09458,0.10784,0.00048434,0.00055224,101.7192,1.003,1.4388,1.2989,-0.9271,0.078725,0.001101,1,1.0056,1.0781,1.1671,1,99.4584,40.0121,43.079,56.9225,110.6995
24/03/2020 14:30,30,0.2057,1.506,1,17318,39.8443,1,242.5852,1,0,0.164248,-0.95612,1,0,1.3676,0.0018096,0.0022817,1,-0.1,0.14261,17225,47.7213,6.24197,4.319,1.2088,-2.47E-15,1.1499,-4.54E-16,0.47796,-114.98743,-0.02493,1458.8771,0.41446,-0.079683,0.0525,0.23333,2.8667,6.24197,2.212,0.10499,0.026997,0.036018,0.033006,0.018395,0.0059256,455.9376,5.9601,1.1931,1.1975,101.4237,22.7512,23.5998,2.5438,0.601,1.9428,21.2991,-0.36634,1.004,1.0042,0.10905,0.093238,0.00058358,0.00049898,101.7002,1.0031,1.4383,1.3005,-1.0738,0.090768,0.0014724,1,1.006,1.0789,1.1678,1,99.2783,42.1967,45.4316,60.0312,116.7312
24/03/2020 15:00,31,0.20834,1.246,1,17481,4.79752,8,206.8011,8,0,0.0231987,-0.77092,8,0,1.3673,0.0016571,0.001909,8,-0.1,0.11931,17474,46.4156,3.4254,4.4232,1.1089,1.81E-15,1.0165,2.07E-15,0.47865,-365.98824,-0.0078327,1337.425,0.41699,-0.0095319,0.037034,0.23333,2.8667,3.4254,2.3532,0.029059,0.152507,0.025297,0.0038804,0.069465,0.0056866,456.8086,5.7182,1.194,1.1982,101.3952,22.1572,22.978,2.5084,0.57659,1.9318,21.0721,-0.92786,1.004,1.0042,0.093548,0.011257,0.00047943,5.77E-05,101.6604,1.0021,1.4389,1.2977,-0.81234,0.077795,0.0014008,1,1.0059,1.0775,1.1667,1,98.9884,44.6757,48.1077,63.5686,123.6329
24/03/2020 15:30,32,0.17751,1.1161,1,17632,-6.79412,4,179.2738,1,0,-0.037898,-0.70491,1,0,1.3721,0.0017572,0.0019199,1,-0.1,0.11999,17630,46.1968,9.86102,4.265,1.0298,1.04E-14,0.98103,8.83E-16,0.4575,-1191.6882,-0.0024056,1000,0.38482,0.014621,0.030472,0.23333,2.8667,9.86102,2.0758,0.097665,0.584142,0.12937,0.030651,0.042519,0.0056439,454.0936,5.6751,1.1945,1.1987,101.3695,21.8646,23.0868,2.4782,0.57212,1.9061,20.8751,-1.0242,1.004,1.0042,0.080746,-0.015858,0.00041317,-8.11E-05,101.6327,1.0015,1.4391,1.2963,-0.71249,0.067394,0.0014122,1,1.006,1.0806,1.1687,1,98.9134,44.7014,48.1641,63.6486,123.9535
24/03/2020 16:00,33,0.19459,1.0667,1,17341,-24.5126,3,154.3103,3,0,-0.158853,-0.55901,3,0,1.3827,0.0017804,0.0018244,3,-0.1,0.11402,17261,47.1438,9.4748,4.5168,1.022,-1.47E-16,0.92832,1.24E-15,0.47651,384.22509,0.0074609,410.71701,0.4028,0.050373,0.028886,0.23333,2.8667,9.4748,2.0035,0.0054486,0.139645,0.10239,0.022502,0.023931,0.0056081,456.1074,5.6387,1.1952,1.1993,101.3324,21.4804,23.3084,2.4393,0.56828,1.871,20.6179,-1.0896,1.004,1.0042,0.070041,-0.057519,0.00035454,-0.00029115,101.5938,1.0007,1.4394,1.2945,-0.52251,0.057437,0.001376,2,1.0053,1.094,1.2037,1,98.4377,45.2254,48.8949,64.6458,126.8441
24/03/2020 16:30,34,0.16889,1.0939,1,17479,-43.3865,1,122.3817,1,0,-0.354518,-0.25511,1,0,1.3972,0.0021288,0.0020382,1,-0.1,0.12739,17470,43.9833,10.9433,4.1525,1.181,-1.07E-14,0.78083,-1.91E-15,0.42798,129.71492,0.0221,249.69013,0.37486,0.09559,0.028886,0.23333,2.8667,10.9433,2.1307,0.067438,0.0216588,0.1416,0.043468,0.048049,0.0057582,454.9422,5.7905,1.1976,1.2019,101.3122,20.4465,25.0096,2.3364,0.58337,1.753,19.9177,-0.73074,1.004,1.0042,0.055692,-0.10179,0.00029025,-0.00053047,101.5806,0.99949,1.4402,1.2891,-0.18987,0.045526,0.0016449,2,1.0057,1.1009,1.2173,1,97.8075,46.5296,50.4936,66.8003,132.1167
24/03/2020 17:00,35,0.14039,0.90447,1,17653,-61.5112,1,80.24413,1,0,-0.766551,-0.04928,4,0,1.4154,0.0018482,0.0016126,1,-0.1,0.10079,17650,45.792,8.52991,4.1904,1.0154,1.99E-15,0.76966,-3.21E-16,0.4307,61.966318,0.046262,176.05035,0.34115,0.14841,0.028886,0.23333,2.8667,8.52991,2.2995,0.00090612,0.0288156,0.36997,0.0095229,0.03365,0.0053713,457.1923,5.3992,1.2022,1.2063,101.3105,18.8135,24.8487,2.1926,0.54416,1.6484,18.8959,-1.663,1.004,1.0042,0.037071,-0.14554,0.00017926,-0.00070376,101.5608,0.99767,1.4421,1.2817,0.054127,0.029938,0.0014727,2,1.0061,1.1095,1.238,1,97.7824,42.9322,46.778,61.9247,123.6017
24/03/2020 17:30,36,0.11181,0.6277,1,17336,-68.8348,1,52.1476,1,0,-1.32,0.15766,1,0,1.4269,0.0023306,0.0020205,1,-0.1,0.12628,17242,45.7291,6.10028,3.6198,0.8162,3.19E-15,0.65348,1.09E-16,0.40271,37.81074,0.075816,149.79428,0.30402,0.18586,0.028886,0.23333,2.8667,6.10028,2.3214,0.013228,0.0550426,0.084784,0.035262,0.012027,0.0051621,460.5813,5.1878,1.2058,1.2097,101.3116,17.6271,25.0937,2.0865,0.52298,1.5635,18.1039,-2.1994,1.004,1.0042,0.024594,-0.16453,0.00011343,-0.0007588,101.5521,0.99644,1.4434,1.2764,0.26541,0.019398,0.0017588,2,1.0068,1.1196,1.2623,1,97.6474,41.3144,45.1239,59.7578,119.9337
24/03/2020 18:00,37,0.11761,0.72102,1,17760,-71.3317,1,41.69829,1,0,-1.71066,0.27571,1,0,1.4185,0.00056698,0.00024059,4,-0.1,0.015037,17751,44.9043,3.56682,3.7158,0.92167,9.76E-16,0.66373,-3.56E-16,0.38991,38.806165,0.073871,150.87627,0.3115,0.18767,0.028886,0.23333,2.8667,3.56682,2.1073,0.026773,0.0178613,0.01202,0.027208,0.63587,0.0046046,463.8154,4.625,1.2086,1.2121,101.3196,16.7863,23.0966,2.0233,0.46654,1.5567,17.6135,-3.7236,1.004,1.0042,0.019914,-0.172,8.13E-05,-0.00070229,101.5342,0.99545,1.4445,1.2729,0.38328,0.015741,0.00045231,2,1.0068,1.1169,1.2591,1,97.4818,43.2277,47.2081,62.5169,125.3855
24/03/2020 18:30,38,0.074082,0.43192,1,17283,-70.4062,1,38.04305,1,0,-1.8507,0.34284,1,0,1.4052,0.00026999,-5.03E-05,1,-0.1,-0.0031427,17275,44.753,1.42522,3.0784,0.6722,-6.94E-16,0.55594,-1.99E-15,0.32083,19.518223,0.14687,129.91111,0.24688,0.23307,0.028886,0.23333,2.8667,1.42522,2.542,0.024779,0.0330346,0.055149,0.036095,0.043072,0.0045374,469.0773,4.5571,1.212,1.2155,101.3292,15.8753,23.9136,1.9261,0.45977,1.4664,16.8349,-3.916,1.004,1.0042,0.018413,-0.17216,7.32E-05,-0.00068487,101.5407,0.99463,1.4455,1.2688,0.43497,0.014068,0.00019625,2,1.0084,1.1412,1.3159,1,97.3011,41.951,45.933,60.8532,122.7573
24/03/2020 19:00,39,0.044468,0.25542,1,17307,-52.1294,1,23.23628,1,0,-2.24345,0.31149,1,0,1.4146,0.00016505,-7.76E-05,4,-0.1,-0.0048526,17210,44.2372,4.81148,2.4812,0.55283,1.49E-15,0.37875,5.78E-16,0.24853,12.116805,0.23659,121.86609,0.19088,0.22225,0.028886,0.23333,2.8667,4.81148,2.2602,0.00073846,0.0655867,0.009276,0.11647,0.35643,0.0048025,473.6518,4.8246,1.2168,1.2205,101.3693,14.4443,27.2012,1.7946,0.48683,1.3078,15.7224,-3.155,1.004,1.0042,0.01148,-0.1292,4.79E-05,-0.0005389,101.5933,0.99376,1.447,1.2619,0.36644,0.0084486,0.00010744,2,1.0103,1.1756,1.3873,0,89.5277,4.68008,14.3902,22.8105,213.2923
24/03/2020 19:30,40,0.093328,0.60949,1,17764,-69.8606,1,42.22569,2,0,-1.65446,0.30445,1,0,1.4016,0.00022842,-8.19E-05,1,-0.1,-0.0051209,17754,43.5164,-0.537149,3.4559,0.8305,1.72E-16,0.63197,-3.59E-16,0.36038,27.762344,0.10326,138.87211,0.27651,0.2056,0.028886,0.23333,2.8667,-0.537149,2.1666,0.064856,0.0167156,0.010756,0.16701,0.048171,0.0046004,467.7359,4.6207,1.2172,1.2207,101.3991,14.8044,25.9386,1.8014,0.46648,1.335,15.7858,-3.7294,1.004,1.0042,0.02028,-0.17096,8.20E-05,-0.00069153,101.6137,0.9943,1.4468,1.2634,0.40507,0.015799,0.00017106,2,1.0074,1.1238,1.2795,1,97.4515,41.8527,45.7701,60.6259,121.99
24/03/2020 20:00,41,0.069259,0.49649,1,17281,-58.0736,1,30.88577,1,0,-1.88027,0.22913,1,0,1.3995,0.00019498,-6.70E-05,1,-0.1,-0.0041868,17272,42.7408,-1.21503,3.3945,0.7391,-2.66E-16,0.56653,3.47E-17,0.3546,21.218872,0.1351,131.75964,0.23806,0.19832,0.028886,0.23333,2.8667,-1.21503,2.2947,0.042017,0.059527,0.11879,0.0067465,0.10559,0.0042363,468.6565,4.2534,1.2189,1.2221,101.427,14.6782,24.2114,1.7771,0.42968,1.3474,15.5741,-4.8138,1.0041,1.0042,0.014892,-0.14251,5.53E-05,-0.00052959,101.6247,0.99428,1.4473,1.2629,0.31537,0.011471,0.00014107,2,1.008,1.1341,1.3037,1,97.6222,37.6128,41.1722,54.5437,110.106
24/03/2020 20:30,42,0.051595,0.37,1,17292,-49.6229,1,21.32235,2,0,-2.32727,0.22133,1,0,1.404,0.00011343,-0.00011563,4,-0.1,-0.0072267,17191,42.6963,3.18421,2.8678,0.63448,1.21E-16,0.49623,2.01E-16,0.30199,15.812167,0.18129,125.88279,0.20523,0.19609,0.028886,0.23333,2.8667,3.18421,2.3806,0.021329,0.0568029,0.090248,0.15716,0.42517,0.0044468,474.1719,4.4657,1.2215,1.2249,101.4329,13.9559,26.5633,1.7017,0.45105,1.2507,14.8979,-4.176,1.0041,1.0042,0.010521,-0.12349,4.06E-05,-0.00047621,101.6404,0.99374,1.4479,1.2594,0.28894,0.0078538,7.37E-05,2,1.0091,1.155,1.3442,1,97.5031,37.982,41.6122,55.1341,111.4919
24/03/2020 21:00,43,0.073945,0.38064,1,17758,-52.0945,1,19.9782,2,0,-2.60757,0.25762,1,0,1.4185,0.00013753,-0.00010738,6,-0.1,-0.006711,17749,41.9929,9.43953,2.7905,0.63809,-1.94E-16,0.51897,-1.55E-18,0.29117,25.694314,0.11157,136.62425,0.24543,0.17169,0.028886,0.23333,2.8667,9.43953,2.3788,0.098123,0.0165329,0.042241,0.19657,0.81583,0.0051983,478.4757,5.2244,1.2236,1.2276,101.4301,13.3123,32.4927,1.6254,0.52726,1.0981,14.1889,-2.086,1.004,1.0042,0.010096,-0.13112,4.51E-05,-0.0005862,101.6726,0.99343,1.4482,1.2561,0.33349,0.0076144,9.82E-05,2,1.0079,1.1358,1.2934,1,97.063,45.1228,49.3604,65.3844,131.5458
24/03/2020 21:30,44,0.043018,0.29462,1,17316,-45.4115,1,22.44224,1,0,-2.02348,0.30442,1,0,1.4247,0.00017065,-3.82E-05,1,-0.1,-0.0023885,17308,41.3143,6.27024,2.5655,0.54556,1.95E-15,0.46756,4.51E-16,0.27015,13.14628,0.21806,122.98509,0.18708,0.19605,0.028886,0.23333,2.8667,6.27024,1.9765,0.090361,0.0281023,0.10232,0.063265,0.08093,0.0056909,483.7117,5.7222,1.2247,1.2291,101.4279,12.9201,36.5143,1.5822,0.57721,1.005,13.7758,-0.84171,1.004,1.0042,0.01134,-0.1157,5.49E-05,-0.00056043,101.6935,0.99325,1.4484,1.2541,0.34934,0.0081978,0.00011513,2,1.0099,1.171,1.3747,0,89.053,5.0255,15.3015,24.576,226.8377
24/03/2020 22:00,45,0.053793,0.30442,1,17764,-48.3002,1,20.28498,1,0,-2.38108,0.24981,1,0.1,1.4287,0.000181,-4.55E-05,1,-0.1,-0.0028428,17657,40.9036,1.69094,2.548,0.57798,5.64E-16,0.44642,4.05E-16,0.27475,17.18928,0.16677,127.37965,0.20914,0.18639,0.028886,0.23333,2.8667,1.69094,2.5745,0.0093293,0.0155678,0.01172,0.0036868,0.069779,0.0058361,488.4646,5.8691,1.2254,1.2299,101.4325,12.6864,37.9277,1.5622,0.59197,0.9702,13.5794,-0.49568,1.004,1.0042,0.010472,-0.12435,5.15E-05,-0.00061178,101.7048,0.99313,1.4486,1.2529,0.31618,0.0076389,0.00013073,2,1.009,1.1485,1.3317,1,97.2893,41.5875,45.552,60.352,121.8537
24/03/2020 22:30,46,0.030624,0.2037,1,17345,-32.5986,3,14.6326,3,0.1,-2.2278,0.15853,4,0.1,1.4476,-9.14E-05,-0.00024334,8,0.2,-0.015209,17336,40.3546,7.57807,2.0467,0.4706,7.21E-16,0.37599,-4.03E-16,0.21112,10.930432,0.26226,120.57656,0.15766,0.16656,0.028886,0.23333,2.8667,7.57807,2.2568,0.024735,0.11809,0.44479,0.15218,3.5098,0.0060444,496.0085,6.0799,1.2274,1.2321,101.4317,12.0804,40.6852,1.5092,0.6131,0.89615,13.0487,-0.015559,1.004,1.0042,0.0076504,-0.085377,3.84E-05,-0.00042851,101.7137,0.99263,1.4491,1.2501,0.19656,0.0052825,-4.34E-05,2,1.011,1.1875,1.4086,0,90.9117,3.78209,12.002,18.9543,176.7847
24/03/2020 23:00,47,0.021246,0.1213,1,17308,-28.6012,1,12.77754,1,0,-2.23839,0.21155,1,0,1.4597,0.00013077,-5.01E-06,2,-0.1,-0.0003133,17299,40.2323,13.4851,1.9935,0.35761,1.36E-15,0.28578,2.10E-16,0.18179,7.1762574,0.39947,116.49593,0.13119,0.17529,0.028886,0.23333,2.8667,13.4851,1.7388,0.017372,0.00395654,0.04094,0.0099816,0.27527,0.0060804,499.022,6.1163,1.2297,1.2343,101.4095,11.3508,42.5204,1.4516,0.61661,0.83502,12.4561,0.064291,1.004,1.0042,0.006723,-0.075518,3.37E-05,-0.00037899,101.6932,0.99173,1.4497,1.2469,0.22631,0.0044514,7.60E-05,2,1.0135,1.2385,1.5085,0,90.042,3.60855,11.9746,18.8647,190.3596
24/03/2020 23:30,48,0.025431,0.15131,1,17740,-29.1651,1,12.56075,1,0,-2.32193,0.22846,1,0,1.48,0.00027548,0.0001335,2,-0.2,0.0083435,17432,39.371,19.5778,2.0657,0.41936,-2.30E-15,0.29967,-9.62E-17,0.19223,9.1845703,0.31212,118.67888,0.14343,0.16325,0.028886,0.23333,2.8667,19.5778,1.4768,0.073671,0.043339,0.035616,0.032785,0.19168,0.0061061,497.0924,6.1423,1.2314,1.2361,101.3802,10.8688,44.1114,1.4047,0.61903,0.78567,11.9575,0.11819,1.004,1.0042,0.0065999,-0.076843,3.34E-05,-0.00038878,101.6649,0.99099,1.4501,1.2449,0.2457,0.0044734,0.00016205,2,1.0118,1.2139,1.4448,0,90.2502,3.86315,12.4877,19.6023,192.7931
